Title,Artist
Behuli,Sajjan Raj Vaidya
Bardali,Sushant KC
Jun Na Heri,Wangden Sherpa
Jhim Jhimaune Aankha,Ekdev Limbu
Radha,Swoopna Suman
Aau Na,Lov X
"Kafle - From(""Oonko Sweater[The Woolen Sweater]"")",Sujan Chapagain
Kasari,Yabesh Thapa
Sparsha Sangeet,Purna Rai
JHUT,Lov X
Ma Mare Pani,Swar
Sasto Mutu,Sajjan Raj Vaidya
Ekkasi - Alternate Version,Yabesh Thapa
Timilai Samjhera,Lov X
Sarara Sarara,Kehar Sing Limbu
Parkha Na,Sushant KC
Furfuri,Kuma Sagar
Maya Ko Sairana,Lov X
Ma Haraye,Subodh KC
Eklai Bhayeni - Mero Adhuro Prem,Sujan Chapagain
A Mai Re,Kuma Sagar
Sakdina Bhulna,Lov X
Badal Sari,Swar
Dhoka Khola,Bibash Jk
Naam K Ho,Trishna Gurung
Badlirahaney Maya,Lov X
Sailo Ma Charghare,Bishwo Dong
Timi ra ma,Salin Magar
"Udaayo Mann (From ""Behuli From Meghauli"")",Indrakala Rai
Fula Le Dhakaula Timilai,Lov X
Khusi Ka Phool Batulera,Kendra Motion Pictures
Bhikhaari,Oasis Thapa
Je Chhau Timi,Swoopna Suman
GALTI,Lov X
Bhanai,Tribal Rain
Vanana Matra,John Rai
Hitaiko Maya,Neetesh Jung Kunwar
Satarangi,Lov X
Maya,Ashutosh KC
Chitthi Bhitra,Sajjan Raj Vaidya
Bujhau Malai,Sushant Ghimire
Radha Rukmini,Lov X
K Garney,Bizen
Sarangi,Sushant KC
Birsiney Hau Ki,The Elements
Timilai K Bhanu,Lov X
Timro Pratiksa,Shallum Lama
Oh Na Na - Nepali Version,Karl Wine
Jhyal Bata,Sushant KC
BAIMANI,Lov X
Thamana Haat,Samir Shrestha
Timi Nacha Na,Wangden Sherpa
Timi Sangai,Apurva Tamang
Ma Tira Farki Herana,Karan Bhatta
Fula,Lov X
Timro Akhaima Gajal,Benisha Paudel
Parelima,1974 A.D
Banideu,Garage Music
Jau Bhaney Kaha Jau,Lov X
Jindagi Sarara,Sushant Ghimire
Yo Sahar,Prajina
Fakaula Timilai,Oasis Thapa
Sapana,Lov X
Ghaam Chaya,Tunna Bell Thapa
Khusi,The Dreamcatchers Official
Darauchha Mann,Prabesh Kumar Shrestha
K Bhayo Kunni,Lov X
Tuina Ko Cha Hai Bhara,Night
Mann Chari,Sushant Ghimire
Hajaraw Rahara,Anmol Gurung
Aakha Nasalu,Lov X
Hyatteri,Sajjan Raj Vaidya
Sahara,Tribal Rain
Kewal,Bikki Gurung
Jhariracha Pani,Lov X
Bhawana,Apurva Tamang
Sadhana,John Rai
Laijanay Ho Ki,Yankee Yolmo
Behos,Lov X
Sunna (Retake Sessions),Garage Music
Chitta Bujhaunu,Salil Maharjan
Lafango,Lov X
Manaka kura,Purna Rai
Tetikai Chodana Kesha Lai,PranitAcharjuNewar
Tadhiera,Wangden Sherpa
Chainau Ra Khas Timi,Lov X
Timi Ra Ma,Dixita Karki
Harayeko Maya,ShreeGo
Najeek,Bartika Eam Rai
Timra Aakha,Yatrii
Duvida,Lov X
Jamna Ekanta Ma,Karan Bhatta
Angalney Chu,Oshin Karki
Kuraakaani,Sajjan Raj Vaidya
Yatra Kunai Thau,Lov X
Sukumari,Suraj Bro
"Hataarindai, Bataasindai",Sajjan Raj Vaidya
Upahaar,Swoopna Suman
Bujhnai Gaaro,Lov X
Bujhideu,Samir Shrestha
Kasari,The Dreamcatchers Official
Mantramugdha,satish
ThakiSakyo Mastiska,Lov X
Gajalu,Sushant KC
Alapatra,Yabesh Thapa
Maya Psyco,Lov X
Mellow,Rohit Shakya
Mana Ka Kura,Shashwot Khadka
Huri chalyo,Prashant ezekiel rai
Bhayo Doom,Lov X
Angalo Ma Arkaiko,Beest
Yaad,Prabesh Kumar Shrestha
Taado,Prashant ezekiel rai
Sabai Thacha,Lov X
Junkeri,Bipul Chettri
Aaja Matra,Sajjan Raj Vaidya
Jaha Bhaye Ni,Apurva Tamang
10:00 PM,Lov X
Muskurayera,Sushant KC
Nabole Pani,Akash Khadka
Ujeli,Sajjan Raj Vaidya
Jau Na,Lov X
Bacha,Karan Bhatta
Timro Maya,Sushant KC
Suseli Gagan,Oasis Thapa
Chahana,Lov X
Ranga,Rockheads
Parkhaai,Sajjan Raj Vaidya
LAJAYERA,Sujan Chapagain
Baaf,ArtMandu
Bistarai,Rohit John Chettri
K Huncha Bhanera,DJ Bishow
Fikka Fikka,Karan Bhatta
Putali,The Elements
Aparichit Bhawana,Oasis Thapa
K Garu?,Apurva Tamang
Aashish,Bipul Chettri
Arko Juni,bekcha
Sapana Haru Ferdai,Beest
YAAD,The Dreamcatchers Official
Hami,Prajina
Hawa Le,Sushant KC
Adhuro Prem,AXIX
Chinta,Tribal Rain
Lukaamaari,Sajjan Raj Vaidya
Jhari,Yabesh Thapa
Naresauna maya,PranitAcharjuNewar
Maili,Ankita Pun
Ghaam Joon,bekcha
Eklai Jiuna Sikey,Vek
Hera Na,Samir Shrestha
Timile,Sushant KC
Kurirahe Ma,Ashutosh KC
Sanket,ShreeGo
Sathi,Sushant KC
Sapana Ko Mayalu,The Elements
Aakha Nasalu - Nightcore Version,Lov X
Bhulney Chaina,Akash Khadka
Mero Mana Ma,Samir Shrestha
Timilai Samjhera - Nightcore Version,Lov X
Parkhai,Pratik Gurung
Suna,Naren Limbu
Narisawna,Tribal Rain
Jhariracha Pani - Nightcore Version,Lov X
Muskan,AXIX
Tesaile Hidey Ma,The Elements
Pidit - Love Story Part 2,Neetesh Jung Kunwar
K Bhayo Kunni - Nightcore Version,Lov X
Apthero Awastha,bekcha
Mayalu Sunana,Samir Shrestha
Kaile Vetne Khai,Almoda Rana Uprety
Bujhne Lai,Tunna Bell Thapa
Ultaa Paailaa,Sajjan Raj Vaidya
Ae Mutu,Yabesh Thapa
Farkanna Hola,John Rai
Aau Timi,Prabesh Kumar Shrestha
Satayera,Sushant KC
Maya Pirati,Trishna Gurung
Basanta,Jptrockerz
Phutki Jaaney Jovan,Sajjan Raj Vaidya
Juni Vari Lai,Oasis Thapa
AUTAI PIRATI,Anmol Gurung
Drishya,Apurva Tamang
Kasari Bhanu,Swoopna Suman
Paristithi,Angu Bhutia
Timi Bhayera,Akash Khadka
Indreni,Nickofficial
Maya Ko Sambandha,Mr.Hyozu
Yaad Ma Rakhnechhu,Swoopna Suman
Mero Aanshu,The Edge Band
Kholai Khola,Neetesh Jung Kunwar
Khoj,ShreeGo
Pinjada,satish
Maya Marideu,ShreeGo
Banda Kotha,ShreeGo
Chaar Dewar,Samir Shrestha
Timrai Tira,Apurva Tamang
Hijo Aja,Wangden Sherpa
Ma Sanga Hidideu,Kelsang Shrestha
Sano,Apurva Tamang
Kuri Basechu (Retake Sessions),Garage Music
"Timi Ra, Ma",Bartika Eam Rai
Priyasi,Aayush Koju
Adhuro,Prabesh Kumar Shrestha
Aakhako Bato,B-8eight
Nabola Masanga,bekcha
Adha Raat Ma,Chintu Rimal
Dina Timilai (Mystic East),Roshan Limbu
Naganya Maya,Sajjan Raj Vaidya
Mooskaan,Sajjan Raj Vaidya
Ma Timro,Swoopna Suman
Kina Khai,GOli
Rang,Brijesh Shrestha
Behos,Sushant KC
"Mero Priye,",Yabesh Thapa
Dhairya,Sajjan Raj Vaidya
Nachodnu Yo Saath,The Edge Band
KURA,The Dreamcatchers Official
Mauntama,B-8eight
Maya Ma,Sushant KC
K Saro Ramri Bhako,Swoopna Suman
Jani Na Jani,Oasis Thapa
Timilai Samjhera,Kehar Sing Limbu
Ek Muskaan (Ankit Dhakal),GXSOUL
Gulabi,Sushant KC
Samjhanchu,Sabin Rai & The Pharaoh
Dui Diney Jindagi,Yabesh Thapa
Hawa Jastai,John Rai
Gala Pukka,Sujan Chapagain
Sadhai Sadhai,Mantra
Marijau,Bikki Gurung
Baacha Bhayo,Swoopna Suman
Timro Aankha,Swoopna Suman
Andhakar Ko Ujyalo,Samir Shrestha
Khani Ho Yahmu,Trishna Gurung
Timi Banew Mero,GOli
Vanna Aaudaina,Naren Limbu
Ajambari,Monkey Temple Nepal
Aama,Sushant KC
"K Yo Maya Ho (From ""Jerry"")",Hercules Basnet
Sunideu,Apurva Tamang
Sannani,Ashutosh KC
Hamro Nepalma,Neetesh Jung Kunwar
Ko Haw Timi,Prashant ezekiel rai
Hearty Maya,Neetesh Jung Kunwar
Herda Herdai,Sushant KC
Malai Angali Deu,Sabin Rai
Ek Sarvanaam,Sajjan Raj Vaidya
Suna Kancha,Trishna Gurung
Timi Nai Hau,Mantra
Samarpan,Sabin Rai & The Pharaoh
Pahaar,Sajjan Raj Vaidya
Ram Sailee - Ode To My Father,Bipul Chettri
Hawaijahaj,Sajjan Raj Vaidya
Laakhau Hajarau,Yabesh Thapa
Marijau2,Bikki Gurung
Hawa Jastai (Raw),John Rai
Jiunu Nai Hola,Tribal Rain
Nachahe Ko Hoina,The Edge Band
ANTARIKSHYA KO SAWAARI,Prashant ezekiel rai
Mero Manaiko Phool Tipi,Roshan Limbu
Maya Raicha Ra,Kali Prasad Baskota
Makhamali,Roshan Limbu
Kalo Keshma Reli Mai,Dinesh Dhakal
Farki Aauna,Lisson Khadka
Risaune Bhaye,Sushant KC
Anountho Mutu,Sajjan Raj Vaidya
Maaya,Varsha Thapa
BIRAM,Purna Rai
Mayalu,Vek
Flirty Maya,Neetesh Jung Kunwar
Timrai lagi - acoustic,The Dreamcatchers Official
Kaalpanik / Maayajastai,Bartika Eam Rai
Gainey Dajai,Trishna Gurung
Nihita,John Rai
Timro Muskan Ley,Anmol Gurung
Sangai Bachauna,Monkey Temple Nepal
Mutu Dekhin - Raw,John Rai
Kalo/Seto,Purna Rai
Fulthunge Rani,Sujan Chapagain
Mayaloo,Sajjan Raj Vaidya
Lekali,Diwas Gurung
Runna Bhanthe,Sugam Pokharel
Jhim Jhim,Ekdev Limbu
Pahuna,Sushant KC
K Garu,John Rai
Tadha Tadha,Wangden Sherpa
Changa,Yabesh Thapa
Kadhekuri (Purna Bahadurko Sarangi),7Seas Cinema
"Chhadke Salam (From ""Behuli From Meghauli"")",Kali Prasad Baskota
La Hai,Bibash Jk
Mann cha?,Purna Rai
Angalo,Bibash Jk
Daiba Hey,Creative Brothers
Jyotsna,Swoopna Suman
Chameli Phoola,Kuma Sagar
Phool Oonko Sweater,Sujan Chapagain
Oh Champa - Tarani Janani,Kuma Sagar
Chahare Sari - Daaya Taya (Bhagwan Sari),Kuma Sagar
Aparibhasit,Swar
Jau Ki Basu,Sabin Rai
The Woolen Sweater [Oon ko Sweater],Sujan Chapagain
Ghumi Ghumi (A Folk Journey),Sujan Chapagain
Sparsha Sangeet (Raw),Purna Rai
Lonely,Bibash Jk
Aagya - Official,Rachana Dahal
Timi Nai Hau - live,Sabin Rai & The Pharaoh
Dhun,Rockheads
Hajar Janma,Rockheads
Sundarta - remake,Sabin Rai & The Pharaoh
"Sanjha Parey Pachi (From ""Appa"")",Anmol Gurung
Thula Thula Sahar,The Elements
Samaya,Monkey Temple Nepal
Samjhine Mutu,The Edge Band
Timi Bhane,Albatross
Laijaw Malai,Tribal Rain
Shirshak,Karan Bhatta
Aaudai Jaadai (Timro Nyano),The Uglyz
Din,Anuprastha
Gauthali,Pahenlo Batti Muni
Prayas,Samriddhi Rai
Timi Ra Ma,Pariwartan
Khai,Bartika Eam Rai
Hami Sangai Ta Chau Ni,Mc Flo
Raat Bityo,Nabin K Bhattarai
Bimbaakash,Bartika Eam Rai
Oh Maicha,Brijesh Shrestha
Sadhai Sadhai,Mantra Band
Yo Dil Mero,The Edge Band
Hindda Hinddai,Adrian Pradhan
Afulai,Angu Bhutia
Nidari (Ko Nimti),Bartika Eam Rai
Nasamjha,Adrian Pradhan
Kati Baschau Maiti Kai..,Diwas Gurung
Kaile Vetne Khai 2 (Nyasro),Almoda Rana Uprety
"Maya Pirati (From""Kabaddi Kabaddi Kabaddi"")",Kali Prasad Baskota
Insta Ko Photo,Kali Prasad Baskota
Teenpatey,ArtMandu
K Yo Maya Ho,B-8eight
Sirful 2,Ekdev Limbu
Sunyata,Tribal Rain
Deorali Darah,Bipul Chettri
Rail Lai Ma,Trishna Gurung
Satayera,GXSOUL
Timro Lagi,Monkey Temple Nepal
Jaba Timi Aayeu,Sabin Rai
Rukum Maikot,Kendra Motion Pictures
Katha: Episode III - Marijau,Sajjan Raj Vaidya
Pheri Tyo Din,Sugam Pokharel
Timiley,Samir Shrestha
Hamro Geet,Uges Limbu
Ekantama,Mantra Band
Dhurwa Tara,Purna Rai
Jali Rumal mai,Trishna Gurung
Syndicate,Bipul Chettri
Batash,Shashwot Khadka
Chari Basyo,Kali Prasad Baskota
Nacha Firiri,Mahesh Kafle
Aankha Maa Aaune Sapani,Ekdev Limbu
Aakhale,Yabesh Thapa
Goreto,satish
Suna Kaanchi,Sajjan Raj Vaidya
Mann Ka Bhawana,Apurva Tamang
Mero Manaiko Phool Tipi,Pyne
Kanchi Hey Kanchi,Brijesh Shrestha
Jyanle Timlai,Almoda Rana Uprety
Sirfula Siraima,Nepathya
Upahar,The Elements
Maya Bhanchan,The Elements
Maya Birani,Mahesh Kafle
"Suna Suna Sundari (From ""Nango Gaun"")",SD Yogi
KESHARI (Kabbadi 4- The Final Match),Baasuri Films
Seti Dobana,Devendra Bablu
Paribhasa,Purna Rai
Maya Ko Tira Official,AshToast
Sirupate Jungama,Babul Giri
Suna Meri Maya,Sk Khannal
Lajjawati Jhar,Mahesh Kafle
Ghumna Jau Engine Gadima,S.D. Yogi
Timi Samu (Dreams),Rodit Bhandari
Maya,Ayush Gauchan
Lai Bari Lai,Vek
Udayo Hawale Reprised Version,Hercules Basnet
Phone Ko No. ?,Sushant KC
La La La La,Bluesss
Aa Hai,Ekdev Limbu
Hasirakhana,Brijesh Shrestha
Pari - Love Story Part 1,Neetesh Jung Kunwar
Chiya Ko Botma (K Yo Maya Ho) - Alternative Version,Arjun Katuwal
Gurasai Phulyo,Trishna Gurung
Baimani,Sushant KC
Muskan,Axix
Nischal,Albatross
Hukka Mero,Karma Band
Kaha Hola Ghar,Karma Band
Yani Maya,Karma Band
Mayalu,Adrian Pradhan
Samjhi Baschu,1974 A.D
Mayalule Mayalule,1974 A.D
Sanskriti,Mantra
Jiwan Hamro,Mantra
Aakash,Mantra
Aatma,Aastha
Sapana,Mantra Band
Timi Bina,Mantra Band
Nahera Malai,Mukti & Revival
Mercedes Benz,Cobweb
Timro Maya,Cobweb
Maryo Ni Maryo Ni,Cobweb
Bir Gorkhali,Mantra Band
Jiven Mero,The Edge
Roka Yo Samay,Tribal Rain
Gahiro Gahiro,Bipul Chettri
Mero Prem,Axix
Chaubandi Cholo,Mukti & Revival
Aaudai Jaadai,The Uglyz
Umer,Bartika Eam Rai
Thaha Chaina,The Edge Band
Pari,Mantra Band
Timro Khushi,The Root-Less
Jaba Timi Aayo,Sabin Rai
Maya,The Uglyz
Jomsome Bazarma,Nepathya
Wildfire (Dadhelo),Bipul Chettri
Mann,Bipul Chettri
Paisa,Sabin Rai & The Pharaoh
Asha Nirasha,Albatross
Aparichit,The Elements
Mero Ansu,The Edge
Nachaheko Hoina Timilai,The Edge
Timra Dui Aankhama,Rohit John Chettri
Siriri,Bipul Chettri
Bhool,Albatross
Sambodhan,1974 A.D
Yeuta Manchheko,Narayan Gopal
Awaz,Albatross
Gari Khana Deu,Albatross
Nepali Ko Rela,Gauley Bhai
Gari Khana Deu II,Albatross
Manav Nai Danav,Albatross
Adhar,Albatross
Ajhai,The Uglyz
Maa,Albatross
Koshish,Albatross
Ma,The Shadows 'Nepal'
Prakriti,The Shadows 'Nepal'
Mercedes Benz Live On KMN,Cobweb
Hidne Maanche Ladcha,The Shadows 'Nepal'
Buddha Nepalko,The Shadows 'Nepal'
Jhhari ko Raat,Albatross
Jogale Huncha Bhet,Nepathya
Samjhera Malai,Anuprastha
Abhimaan,Albatross
Mutu Bhari,1974 A.D
Ek Choti,Axix
Pagal Navan Malai,The Edge
Bachau,Albatross
Samjheyra,The Edge Band
Sadhai Bhari,The Uglyz
Kehi Mitho Batagara,Narayan Gopal
Timro Yaad,The Edge Band
Mounbrata,The Shadows 'Nepal'
Sagar,Albatross
Yo Jindagani,Amrit Gurung
Traditional Swang,Tribal Rain
Afnai Sansar Ma Kina,Albatross
Pahilo Junima,1974 A.D
Samjhi Baschhu,1974 A.D
Pralaya 'A',Dibesh Pokharel
Nyano Ghar,Dibesh Pokharel
Have You Ever Seen the Rain? - Performance Version,Arthur Gunn
Hamro Din,Dibesh Pokharel
Ma,Arthur Gunn
Chill,Arthur Gunn
Pralaya 'B',Dibesh Pokharel
Chhudaina Timro Mayale,1974 A.D
Yaad Haru,Dibya Subba
Timro Lagi Ma,Sabin Rai
Shristi ra Dristi,Albatross
Sacred,Albatross
Jeevan Katha Bho,Cobweb
Ma Maya Laudina,Mongolian Heart
Kaha Janchau,Albatross
Hunude Je Hunuchha,Tribal Rain
Kalo,Tribal Rain
Saathi (Saath Dinchu),The Uglyz
Jau Na Aau,The Uglyz
Aau Mere Mayalu,The Edge
Gantabya,The Edge Band
Birsu Bhanchu,The Edge Band
Kheladi,The Shadows 'Nepal'
K Pais Nepali Kera,The Shadows 'Nepal'
Naya Nepal ( नयाँ नेपाल ),The Shadows 'Nepal'
Jeth 19,The Shadows 'Nepal'
Bhatkeko Kotha,The Shadows 'Nepal'
Saayad,The Shadows 'Nepal'
Maryo Piratile,Nepathya
Resham,Amrit Gurung
Planet Nepal,Kutumba
Chhabi (Image),Kutumba
Gajalu Teeka,Mongolian Heart
Hidchu Sadhai,Cobweb
Samaj,Cobweb
K Tero K Mero,Cobweb
Timro Nau,Cobweb
Adutiya,Anuprastha
Kanchhi,Anuprastha
Sukha Ra Dukha,Anuprastha
Maaya,Anuprastha
Sanjhako Bela,1974 A.D
Saani Ko,1974 A.D
Chari,1974 A.D
Bancha Aani Bancha Deu,1974 A.D
Jati Maya,1974 Ad
"Nepali Ho (feat. Subani Moktan, Kutumba, Aid Ray & Mukti)",1974 Ad
Timilai Bolaunda,1974 Ad
Gahiro,Monkey Temple Nepal
Harauna Chahanchu,Monkey Temple Nepal
Sangai,Monkey Temple Nepal
Gahiro II (Bilin),Monkey Temple Nepal
Basant,Bipul Chettri
Karnali (The River),Arthur Gunn
Jalai Mai,Arthur Gunn
Same Old Town,Arthur Gunn
Khoj,Arthur Gunn
Khaseka Tara,Albatross
Lukna Deu,The Axe
Harayeko Graha,Kush Band Nepal
K Garnu Manai Ta Ho,Kush Band Nepal
Pari,Kush Band Nepal
Wasalpana,Kush Band Nepal
Sanjha Pakha,Nabin K Bhattarai
Sanglanga Dooby,Gauley Bhai
Thupari Udi,Gauley Bhai
Simrayo,Gauley Bhai
Parkhai,The Uglyz
Save Me Now,Arthur Gunn
Dalli Resham,Mukti & Revival
Intro - Ma Ra Malai,Albatross
Acoustic #11 (Socheko),Monkey Temple Nepal
Suchana! Suchana!! Suchana!!!,Albatross
Nyano Ghar,Arthur Gunn
Juneli Raat,Tribal Rain Sikkim
Bhrama (Instrumental),Tribal Rain Sikkim
Devi Deuta,Tribal Rain Sikkim
Ma Baato Hidejhai,Pahenlo Batti Muni
Basanta Udayo,Mukti & Revival
Yo Junibhar,The Edge Band
Maya,Mantra Band
Swarga,Tribal Rain Sikkim
Sunideu,Tribal Rain Sikkim
Timro Mann,Dibya Subba
Agyani,Pahenlo Batti Muni
Timro Laagi,Sabin Rai & The Pharaoh
Timro Nazarle,The Axe
Namari Baachey,Adrian Pradhan
Bhawana,Albatross
Eklo Jeevan,Cobweb
Nabhulidew Timi,Bhram
Nepali,Albatross
Raat Ko Rani,Albatross
Ojhel,Arthur Gunn
Yatra,Arthur Gunn
Sadai Bhaari Lai,Arthur Gunn
Maryo,Karma Band
Cheuri Phool,Mt.8848
Anumati,Monkey Temple Nepal
Sahar Timro,Karma Band
Mai Runchu,Diwas Gurung
Ayeko ma (shadow dai),Diwas Gurung
Aakasaima Chaina,Diwas Gurung
Laijau,Diwas Gurung
Aayeko Ma,Diwas Gurung
Euta Chitthiko,The Axe
Bistarai,Swar
Dhanyavaad,Sabin Rai & The Pharaoh
Bhumari,Rachana Dahal
Asambhav,Rachana Dahal
Ma Sakdina,Rachana Dahal
Hey Bhagwan,Rachana Dahal
Kasari,The Edge Band
Lampate Surati,Amrit Gurung-nepathya
Stardog Champion,Mother Love Bone
Jewnalai Garo Bho,The Edge Band
Khusi Deykhchu Timi Aja,The Edge Band
Dukha Diyera,The Edge Band
Prayas,The Edge Band
Timro Maya Live On KMN,Cobweb
Euta Manchhe,Sugam Pokharel
Mero Sansar,Sugam Pokharel
Mero Saath,Nabin K Bhattrai
Raharai Raharma,Nabin K Bhattrai
Khusi Umanga,Nabin K Bhattrai
Sayed,Nabin K Bhattrai
Yaad Sanchi,Nabin K Bhattrai
Timile Herda,Nabin K Bhattrai
Bhedako Oon Jasto,Nepathya
Sa Karnali,Nepathya
Taal Ko Pani,Nepathya
Reshamm,Nepathya
Jaba Sandhya Hunchha,Yogeshwor Amatya
Panimuni,Yogeshwor Amatya
Sayad Timro Batoma,Raju Lama
Sakchhau Bhane,Anil Singh
I Love You,Anil Singh
Will You Marry Me,Anil Singh
Prem Patra,Anil Singh
Mysterious Girl,Dhiraj Rai
Luki Luki,Dhiraj Rai
Maya Meri Maya,Sanjay Shrestha
Musu Musu Hasideu,Sanjay Shrestha
Meri Maya,Sanjay Shrestha
Meri Preyashi,Nima Rumba
Preet Ko Nasha,Cobweb
Ma Yesto Geet Gauchu,Joheb Manandhar
Jom Somai Bajarma,Nepathya
Timi Nabhaye,Sugam Pokharel
Jaba Ma Nindarama,Sunil Bardewa
Ratto Rani,Ajnish
Aankhama Timilai,Nabin K Bhattarai
Pari,Anil Singh
Ko Hau Timi (OST First Love),Karma Band
Musumusu,Yogeshwor Amatya
Ma mauntama (original),Om Bikram Bista
Timile Herda,Nabin K Bhattarai
Badal Paariko Deshbata,Raju Lama
Mauntama,Karma Band
Hidaa Hiddai,Adrian Pradhan
Ekadashi Bajaraima,Khem Raj Gurung
Priya,Deepak Bajracharya
Pani Paryo,Rohit John Chettri
Badalpariko Deshbata,Raju Lama
Aatma Ma,Kamal Khatri
Udayo Relaile,Amrit Gurung
Goreto Ani,Sunil Bardewa
Aau Aauna,Nima Rumba
Mero Priyasi,Nima Rumba
Miss Catwalk,Nima Rumba
Block Hill,Nima Rumba
Maya Maya,Nima Rumba
Lolita,Nima Rumba
Timra Nayan,Dhiraj Rai
Timi Runda,Dhiraj Rai
SIRIMA SIRI,Sanjeep Pradhan
Praya,The Axe
Dekhe Timilai,The Axe
Lognemanchhe,Yogeshwor Amatya
Ma Yesto Chu,Girish Khatiwada
Aakashaima,Atma
China Company,Prakash Rana
Basa Sundari....,Deepu Gurung
Mela Lagechha,The Sky Band
Yo Hoi,Dr Pilots
Engine Gadima,Anil Singh
Lekaki He Maya,Kandara Group
Lai Bari Lai,Arthur Gunn
Eklai Huda Ta Jhan,Phosphenes
Maya Pirati,Kali Prasad Baskota
Kheladi,Sushant KC
B.L.Y.H.L,Sajjan Raj Vaidya
Fakauna Ma,Sushant KC
Aankhama,Nabin K Bhattarai
Siri Ma SIri,Narayan Gopal
Purana Kura,Ulto Pulto
Harauna Mancha,Ulto Pulto
Dhaka Topi,The Elements
Oiliyeko Phool,The Elements
Jindagi Ko Gaadi,The Elements
Tatepate,Pahenlo Batti Muni
"Sanjha Parey Pachhi (From ""Appa"")",Snehshree Thapa
Sukumbaasi,Sajjan Raj Vaidya
Suna Baatuli,Kali Prasad Baskota
Katai Uslai,Bipul Chettri
Nau Lakhey Tara,Bipul Chettri
Yestai Nai Hola,Phosphenes
Mellow,Sajjan Raj Vaidya
Neela Akash,Bipul Chettri
Tattoo,Ulto Pulto
Yaadharu,Ankit Shrestha
Dubo Phulyo,Hemanta Rana
Laijau Malai,Abhaya & The Steam Engines
Jham Jham,Kta Haru
Ali Ali,LOWA
Nachana Fanana,LOWA
Paisaa,Kushal Grumpy
"Topendra, Pt. 2",Chirag Khadka
Fewataal,Yabesh Thapa
Samadhi,Chirag Khadka
Aa Budi,Chirag Khadka
Ganja Ko Sahara,Bikyy Karki
Chihan Ki Pari,Shirish Khadka
Saathi (60),Mt.8848
Maski Maski,Mt.8848
"Thamel Bazar - From ""Loot 2""",Kali Prasad Baskota
Bhawana,Jptrockerz
Samaya Ley,John Rai
Dekhe Timilai Hijo,The Axe
Daagbatti,Rachana Dahal
Bhawana,Rockheads
Ma Sansar Jitne,Sabin Rai
Maryo Ni Maryo,Cobweb
Sapphire,Ed Sheeran
Aankha Aankha Bichma,Ekdev Limbu
Chiso Chiso,Brijesh Shrestha
Likka Likka,UJAN SHAKYA
Mutu Mai Basecha,Brijesh Shrestha
Numbara,Brijesh Shrestha
Maya,Balen
Fikka Fikka,Swoopna Suman
la bhana,Salil Maharjan
Fast Pace,Salil Maharjan
Anaavashyak,Samir Shrestha
Ma Aaudai Chhu,Utsav Lamichhane
Ali Ali,Shreya Sotang
Asan Twa (Nepal Idol Season 6) - Live,Raaz Sayami Manandhar
Atteri,Sushant KC
NILA NILA AAKASHMA,Bluesss
Plan B,Sushant KC
Rangin,Sushant KC
Euta Sapana Chha - Male Version,Pushpan Pradhan
Dherai Din Pachi,Utsav Lamichhane
Kya Kardiya,Sushant KC
Khali,Bikki Gurung
Mayalu,Swoopna Suman
Chahana,Yugal Gurung
Saajha Ma Aunu (Maya ko Chino),Neetesh Jung Kunwar
Phul Butte Sari Female,Milan Newar
Uda Timi,Simma Rai
Eutai,Salil Maharjan
I Like You (Anischaya),Sushant KC
Kya Ramri,Ekdev Limbu
Kathmandu Sahar,Trishala Gurung
Afno Sansaar,Yugal Gurung
Mughlan,Bipul Chettri
Sirful-2,Ness Stds
First Date (Pahilo Bhet),Neetesh Jung Kunwar
Nayan Ma,Rohit John Chettri
Bidaai,Rohit John Chettri
1000 Bhawana,Salil Maharjan
Yo Maan,Trishala Gurung
Khula Aakash - Acoustic,Astha Tamang-Maskey
Muse,Astha Tamang-Maskey
Nasodha Malai,Swoopna Suman
Yehi Nai Ho K Maya,Bikki Gurung
Ghumi Phiri,Sajjan Raj Vaidya
Aaja Samma,Bikki Gurung
Arko Barsa,Bluesss
Mero Prem,AXIX
Ek Choti,AXIX
Saat Samundra Pari,AXIX
Maya Ma,Purna Rai
Malaai Chaana Na,Sajjan Raj Vaidya
Timi Kaha (In the studio),Alex Dware
A love letter to Darjeeling,Purna Rai
Swarga,Purna Rai
CHAAK,Purna Rai
Chitthi timilai lekhu vanchu,Bibash Jk
"Makhamali - From "" Oonko Sweater[The Woolen Sweater]""",Sujan Chapagain
Mayali Panche Baja,Basanta Thapa
Gorkhe Khukuri,Nischal Dawadi
DUSMAN HEREKO HERAI,Durgesh Thapa
Sajha Paryo Jhamakka (Original Motion Picture Soundtrack from Basanta),Prakash Saput
Maya Lai Panko Pat,Khem Century
RAIYA CHANDIKO (Purna Bahadurko Sarangi),7Seas Cinema
Kasmire Pachhyauri,Babu Krishna Pariyar
Jam Saili,Bimata Gharti Magar
Baseu Alakkai,Arjun Sapkota
Maya Aaune Bas,Diplove Khati
Namaste Dhogdiya,Kabita Khatri
Dukha Satamla Sukha Satamla,Arjun Sapkota
A Aama Jaam Bhanyo Malai,Rita Thapa Magar
Ghar Kata Ho Bainiko,Prakash Dutraj
Chauka Dau,Babu Krishna Pariyar
Meso Milayera,Nishan Bhattarai
Nirajale _ Uta Pareli Jhim Jhim bho,Hemant Sharma
Dandaghare Saili,Krishna KC
Jam Bho Maili,Prakash Dutraj
Syaula,Rajkumar Magar
Galbandi,Prakash Saput
Choli Mailai Bho,Prakash Dutraj
Man Bhulchha,Prakash Dutraj
Kahako Saino,Bimal Pariyar
Nirmaya Thuli,Laxmi Malla
Man Pareko Manchhe,Khem Century
Unko Priti,Narayan Rayamajhi
Ram Ram Marauti,Netra Aryal
Solti Bazar,Nischal Dawadi
Tirkha Lage,Deepa jha
Jiban Jatra Ho,Kali Prasad Baskota
Tungna Ko Dhunma,Indrajeet Mijar
A Hora Maya,Bimal Adhikari
Satta Dau,Babu Krishna Pariyar
Deuralima,Prakash Dutraj
Ek Kaan Dui Kaan Maidan,Melina Rai
Ko Hola Tyo,Sunil Giri
Bajho Khetma,Prem Raja Mahat
Ukali Chadaula,Uday Sotang
Gairi Khet Ko,Shambhujeet Baskota
Dherai Maya,Arjun Nepali
Soltini Bhani Bolako,Sunil Giri
Fula Mayama Nabhula,Raju Rd
Kura Katne Manchhe,Eleena Chauhan
Kati Baschhau Maitikai Kausima,Himal Shrestha
Raja Rani,Babu Krishna Pariyar
Baini Jhyalaima,Prakash Dutraj
"Rato Tika Nidhar Ma (From ""Rato Tika Nidhar Ma"")",Melina Rai
Jaam Sustai,Basanta Thapa
Salko Patko Tapari,Basanta Thapa
Mohini,Khem Century
Rimai,Prakash Dutraj
DHADING GAJURI,Basanta Thapa
Jhaliko Aayo,Nar Bhadur Achrya
Ma Ta Dhale Dhale,Shanta Rani Pariyar
Ma Ta Baglung Binamareko,Tejash Regmi
Mai Luri,Priya Bhandari
Jaau Saili Beni Bajar,Hemanta Kanchha Rasaily
Ramdi Tarera,Prakash Parajuli
Kina Lajaki,Khem Century
Sun Ho Ki Falam,Durgesh Thapa
Nasodha Pir Ke Ko,Arjun Sapkota
Bandipuraima,Prem Raja Mahat
Kali Tarera,Rameshwor dhakal
Nandani,Sapana Roka
Timro ta yo duniya chha,Khem Century
Areli Kadaile Malai Chwassai,Shanti Shree Pariyar
Chhutnalai Po Raichha kyare,Thaneshwor Gautam
Sakambari,Prakash Saput
Bar Sukeko,Basanta Thapa
Jun Maya,Prakash Dutraj
Daram Khola,Basanta Thapa
Phoola Hajara,Bimata Gharti Magar
Relimai,Basanta Bishwokarma
Bal Garera,Swaroop Raj Acharya
Nirmohi,Rupa Gharti Magar
Bhir Mahuri,Basanta Thapa
Jobana,Basanta Thapa
Hunna Ra,Nirmala Bhandari
Damai Maharaj,Prakash Saput
Pattako ke jhora,Priti Ale
Chyappa Prabate Maya,Prabesh Poudel
Lahur,Khem Century
Hunchha Bhana,Basanta Thapa
Kata Hineko Sailo Dai,Ramesh Pariyar
Jham Jham Jhamkana,Bhagirath Chalaune
Jantai Jamla,Pashupati Sharma
Pir,Prakash Saput
Kholi Tari Deuna Majhi Dai,Shanti Shree Pariyar
Mutuma Khil Basyo,Nisha KC
Timra Yaad Haru,Thaneshwor Gautam
Na Dosh Timro - Male Vocals,Namku Chaudhary
Euta Katha,Thaneshwor Gautam
Nabhana Bideshi,Prakash Saput
Kapalu Korera Nepali Lok Dohori Song 2021,Samjhana Bhandari
Mata Gaule Thito,Basanta Thapa
Chautariko Bara,Basanta Thapa
Jham Jham,Pashupati Sharma
Kyarna Maya Marichau (feat Pashupati Sharma) [Nepali Lok Dohori Song 2021],Samjhana Bhandari
Aauthi Beruwako Lok Dohori Song,Samjhana Bhandari
Hataika Paujale,Kushal Belbase
Kapalu Korera by Samjhana Bhandari | Khem Century,Samjhana Bhandari
Prana Bhanda Pyaro Chha,Basanta Thapa
Banaima Phool,Bimal Shreepali
Ram Ram Marauti,Khem Century
Fasayeuni Mitho Bolera,Karan Raj Karki
Lalumai,Bishnu Majhi
Jhyalma Parda Chha,Khem Century
Raja Rani,Shanti Shree Pariyar
Chauka Dau,Shanti Shree Pariyar
Bola Maya,Prakash Saput
Bhetai Hunna Ki?,Devendra Bablu
GHASA KATAU KHOLI DOBANA,Samjhana Bhandari
Dil Dukho,Devendra Bablu
Manmaya,Devendra Bablu
Astai Ho Sansara,Khem Century
Salko Patko,Rasham
Pachheuri Lisyo,Arjun Sapkota
Ukhu Pele Khundo,Eak Narayan Bhandari
Phalam Pite Tarbar,Bhagirath Chalaune
Sochejhai Jindagi,Khem Century
Bicha Bichama 4 (Khayasa Putali),Durgesh Thapa
Salko Patako Tapari,Kulendra Bishwakarma
Maya Haseko,Basanta Thapa
Bokejhar,Basanta Thapa
Banki Chari,Arjun Sapkota
Baimanile Dhatyo,Pashupati Sharma
Futeka Chura,Prakash Saput
Sannanile,Narayan Rayamajhi
Bhirni Jholama,Krishna Akheli
Yeta Tirkha,Pashupati Sharma
Pidalu,Bishnu Majhi
Najarai Ko Bhara,Shirish Devkota
Rumal Hallai Hallai,Kulendra Bishwakarma
Bhururu Putali Udyo,Devi Gharti
Dadai Furke Sallo,Kulendra Bishwakarma
Mero pani hoina ra yo desh,Prakash Saput
Bihe Nagara Bhaiho,Devi Gharti
Herna Hai Batuli,Devi Gharti
Yo Manchhe Chinchhau?,Khuman Adhikari
Joon Tara Ko,Bishnu Majhi
Chiso Chiso Hawa,Muna Thapa Magar
Paderima,Kulendra Bishwakarma
Tasbirai Jhalla La,Kastup Panta
Banma Kada Chha,Bhagwan Bhandari
Mero Pani Haina Ra Yo Desh,Prakash Saput
Salaijo,Mohan Gurung
Jam Bhane Ta,Pashupati Sharma
Balla Po Peer Parnathalyo - Male Vocals,Pashupati Sharma
Bicha Bichama (Kacho Katara),Durgesh Thapa
Musukka Hasa,Devendra Bablu
Keta Le Gaye,Pashupati Sharma
"Salaijo, Pt. 1",Binu Tamang
Mero Maya Baseko Gauma,Samjhana Bhandari
Ma Ta Parkheko Parkhai Chhu,Devendra Bablu
Rumal Satna Pardaina,Khem Century
Aauthi Beruwako by Samjhana Bhandari | Khem Century,Samjhana Bhandari
Kyarna Maya Marichau,Samjhana Bhandari
Maya Haseko,Pralhad Subedi
Laltin,Bishnu Majhi
Basayo Banaima Phula,Lil Hamal
Gailai Charaudai-Paat Bajaune Mayalai,Prem Raja Mahat
Launa Ni Bhaiya,Shanti Shree Pariyar
Salko Pat Udayo Batasaile,Basanta Thapa
Lekhideu Timro Nam,Premdhoj Pradhan
Sano Prakash,Atomic Bush
Ghumti Ma Naau Hai,Prem Dhoj Pradhan
Ye Jhari,Nabin K Bhattarai
"Gojima Daam Chaina (From ""Changa Chet"")",Rajan Raj Siwakoti
Teenpatey - Dekhera Timi Lai,ArtMandu
Taato Goli,Mahesh Kafle
Yo Naniko Siraima,Bidhan Shrestha
Fulachokiko Dandama,Kandara Band
Chahana,Nabin K Bhattarai
Yati Dherai Maya Die,Deepak Jangam
Kanchi Hey Kanchi - Original,Tilok Newar
Allare,Deepak Bajracharya
For My Love,Rockheads
Timi Royeko Pal,Sugam Pokharel
Sajha Ko Bela,Trishna Gurung
Yaad Sanchi-Samjhana,Nabin K Bhattarai
Komal Tyo Timro,Sabin Rai
Lagi Lagi,Budha Subba
Timro Maan Ma,Melina Rai
Mero Nepal,Raju Lama
Gurans Fulyo,Phiroj Shyangden
Rituharuma Timi,Arun Thapa
Herda Ramro,Kumar Basnet
Chiya Bari Ma,Hira Rasaily
Sapana Bhai Aankhama,Sadhana Sargam
Lampate Surati,Amrit Gurung
Dhalkyo Dhalkyo,Deepak Limbu
Chhatima Mero,Kshetra Gurung
Kahile Timro Pachhaurima,Udit Narayan
Gajalu Ti Thula Thula Ankha,Gulam Ali
Resamm Phiriry (Trekking Song),Bharat Nepali Party
Aaja Hamro Bhetbhako,Udit Narayan
Kina Kina Timro Tasbir,Gulam Ali
Timi Aaja Bholi,Sudip Giri
Tutnu Thiyo Tutyo Mutu,Sudip Giri
Dina Timilai,Mystic East
Timilaai Dekhera,Raju Lama
Chyangba Ho Chayangba,Gopal Yonjan
Hongkong Pokhara,Kandara Group
Sarara,Brijesh Shrestha
Phul Butte Sari Male,Marmik Lama
Chhekyo Chhekyo,Nepathya
Sath Juni,The Dreamcatchers Official
Baby Ko Mommy,Neetesh Jung Kunwar
Dhardhari Bagne,Jhalak Man Gandharba
Jomsome Bazarma,Rakchha Gurung
Tadha Vaye Pani Female Version - Kendra Motion Pictures,Asmita Adhikari
Mohajaal,Jptrockerz
Chiya Barima,The Axe Band
Sodhyo,Jptrockerz
Anoutho,Angu Bhutia
Lamjunge Dadaima Hawa Sarara (जता छ निरमाया उतै नजर),Jibihang Rai
Ekai Nazarma - Remix,Deepesh Kishor Bhattarai
Timi Pari,Kandara Band
JPT,Andazification
Tolai Baschu,Ethos Band
Saya Thari Baaja,Kutumba
Bhanna Sakinna,Neetesh Jung Kunwar
chyang'dung,ghugu'mugu
Pinjadako Suga,Adrian Pradhan
Kanchi Nani,Mukti & Revival
Vanna Aaudaina (Kripa Unplugged),Naren Limbu
Bhanekai,Sugam Pokharel
Chaubandi Cholo,Phiroj Shyangden
Antim Maya,Naren Limbu
Maya Ko Bato,Sugam Pokharel
Sanjhako Joon,Mukti & Revival
Chundaina,1974 A.D
Sarkari Jagir,Kranti Ale
Timro Mood,DJ Bishow
Maya Jalaima,Lil Jhola
BABAL,Nawaj Ansari
Nepalese Rapper,OMG SPARK
Wagwan (Intro),Jamesy
Kharab Bani,Yodda
Case No. 420,Laure
Gaadha Color,Nawaj Ansari
Nepalese Brilliance,OMG SPARK
AMSTERDAM,Jamesy
La La La La (Remix),Bluesss
Mari Jaulo,YABI The G.O.A.T
Jungle Ko Bhoot - Radio Edit,Nawaj Ansari
Kasto Chha Timilai,TUKI MUSIC
Heavy,Uniq Poet
Haude,Laure
RAUSI LAYO,Jamesy
Kefal Haluk,Nawaj Ansari
Kehi Mitho Baat,SACAR aka Lil Buddha
Valley Jamz,OMG SPARK
Mero Solta,Laure
1994,Uniq Poet
India,ST MAN
Churot Ko Thutta,Nawaj Ansari
Laal Gaadi,YABI The G.O.A.T
Speed,Chirag Khadka
Mero Desh Birami,Uniq Poet
No Peace In Love,SACAR aka Lil Buddha
Bagawat,Nawaj Ansari
No Keezy,Purple
Birsina,Yodda
Mausam,Sushant KC
3 Dinchu,Rigden Nadik
Genji,Nawaj Ansari
Vagwan,YABI The G.O.A.T
Rebirth,Neetesh Jung Kunwar
Mathi,OMG SPARK
Sahi Ho,Yabesh Thapa
Laure Ko Fashion,VTEN
Vim Saboon,Nawaj Ansari
Straight Outta Kathmandu,Bluesss
Suruwat,Yodda
Made in Nepal,OMG SPARK
Kaha Chau,YABI The G.O.A.T
Juneli Raatma,Krizn
PAARAA,VTEN
Galli Sadak,VTEN
Yo Prasanga,Yama Buddha
Aago Ko Jhilko,Chirag Khadka
King Of NEPHOP,Lil Buddha
Kehi Mitho Baat,Lil Buddha
Gospel Of The New Revolution,Lil Buddha
Ravana,Dong
Sapana,Lil Buddha
Kathaa,VTEN
100,Lil Buddha
Haalkhabar,VTEN
Simsime Paani,VTEN
Yestai Ta Ho Ni Bro,VTEN
Churot,VTEN
CRMNL,VTEN
Antya Ko Suruwat,Yama Buddha
Superraga,Laure
On My Way,VTEN
Maanchhe Khattam,VTEN
Saino Tapai,Yodda
Chudaina,Nepsydaz
Pariracha Pani,Chirag Khadka
Kale,beatsbyhype
Kaalo 2.0,Uniq Poet
Aama,Yama Buddha
Nephop Ko Bato,Laure
Balidan,Balen
Legend,Mc Flo
Saathi Ho,Laure
Thikai Chaa,Andazification
Raat Vari,GXSOUL
Life Jacket,Chirag Khadka
Goppey,Yodda
Jutta Maa,Yama Buddha
Thaa Chaina,VTEN
Bhumari,Chirag Khadka
MOKSHYA Falafal,Nabin Khanal
Gyan Gati Cypher,Vyoma
Big Dawgs,Hanumankind
Tha Chaina,VTEN
Yatra,VTEN
Dolla Bills,VTEN
Chup Laag,Laure
Sapaara,Vyoma
Afnai Bato,VTEN
Namaskar,Pakku Panda
Dhaka Dhoti,Vyoma
Atti Bho,Vyoma
Kaam Chaina,Pakku Panda
Aama,Pakku Panda
Kaam Chhaina 2,Pakku Panda
Bhai Lai Reply,Pakku Panda
Doshi Ma,Pakku Panda
Galli,Pakku Panda
Saman Nikal,DJ Bishow
Maichang,Jay Author
Falling for You,James Shrestha
Hassa,Chirag Khadka
Sakaratmakta,Chirag Khadka
Makassam,VTEN
Kaalo - Purple Melody Mix,Uniq Poet
Cypher,VTEN
Ma Pa Se,Mana Shrestha
Superstar,VTEN
Nepali Ho,Raila Roka
Hindai Chhu Ma,VTEN
KAAM,Uniq Poet
Bihani Saberai,Yodda
Lilac Fashion - Remix,LIL Rock Look
Quarantine,Jay Author
Chance,Jay Author
Come Up,Jay Author
Gorkhali Toph,Balen
Sarauto,VTEN
Muse Ko Chora,ST MAN
"La Hai, La Hai",Laure
Fuck Song,Vek
Dulce,YerSodeep
Lilac Fashion,LIL Rock Look
Marpha Ko Madira,Balen
Haalchaal,Jojo Raka
Sano huda,Jojo Raka
SADAK - Extended Version,Krizn
Psychedelic Rap,Chirag Khadka
Arthahin Duniya,Chirag Khadka
Bartalaap,Sailesh Niroula
Ram Narayan Yadav,Sailesh Niroula
Vip Sawari,Sailesh Niroula
Kalley Bhanyo Talai (Bandai Chha Nepal 2),Mr. D
Wild,Mr. D
Aghi Hida,Mr. D
Yo Timlay Garda Ho (James Shrestha),GXSOUL
La Ta Ma Ta,Manas Ghale
Jani NAW Mani,Rigden Nadik
2014,VTEN
Birami,Laure
Lil Rock Look Flow,LIL Rock Look
Saamrajya,Nawaj Ansari
STACKKK,SACAR aka Lil Buddha
NEPHOP DRIP,SACAR aka Lil Buddha
Rapstar,ST MAN
Right On Left,DJ Bishow
Maya,Chirag Khadka
Gorkhe,GOli
G.O.L.I.,GOli
Saacho Kura,Yabesh Thapa
Hereko Herei,SickJam
Baddie,LIL Rock Look
Milena Level Tero Bau Bola,G Bob
Savage,Balen
Tasvir,Yodda
TEII,VTEN
Intro,VTEN
Sakdina,Dong
Untitled 2,Dong
Himmat,VTEN
Ktm Grime,Yama Buddha
Think Smart,Yama Buddha
Killshot,Dong
Sabai Ho Laure,Laure
Sahi Ho,Nawaj Ansari
Tatto Na Chharo,VTEN
Tamaso,Uniq Poet
Parkhai,wild+
Aatmaghati,Dong
Kich Kich,GOli
Malai Bachauna,Yodda
Level,YABI The G.O.A.T
K Garne Life Ma,Chirag Khadka
Khatra Barz,Chirag Khadka
Tei Kta Ho,Laure
Stoner Life,Chirag Khadka
Chitra,Dong
Gorkhali Flo,Pggh
Bhag Bhag,G Bob
Khatra Barz,Uniq Poet
Kanchhi Ko Allare Jovan,Bidhan Shrestha
Nirmaya,Sanjeev Singh
Chulesima,Sanjeev Singh
Ye Hoi,Kranti Ale
Timi Pari (reprise),KANDARA
Fulachokiko Dandama,Kandara Group
Gandakiko Tiraima,Nepathya
Jindagiko ke Bharosa,Madhyanha Band
Deurali Ko Chautarima,Sanjeev Pradhan
Mutu Chhune,Paribesh Band
Timilai Piratile,1974 A.D
Nabhana,Adrian Pradhan
Natanu Ta Tanu,Raju Lama
Mannmannai,Karna Das
Chahana Sakiyo,Sashi Rawal
Timi Hau,Nabin K Bhattarai
Ubho Ubho Khasa,Raju Lama
Maya Garne Bani,Nepathya
Pallo Dandama,The Axe
Mero Pyaro Manchhe,Ciney Gurung
Aankhako Nani,Harish Mathema
Yo Saajha,Sunil Bardewa
Mero Saath,Nabin K Bhattarai
Meri Maya Phool Jasti,Sonam Gurung
Bholi Feri,Sanjeep Pradhan
Jadu Timro....,Deepu Gurung
Eauta Manchhe,Sugam Pokharel
Aaja Timro Kura,Uday Sotang
Mero Sathiharu Ko Majha,Babin Pradhan
Priyashiko Mann,Babin Pradhan
Jhari Pareko Din,Babin Pradhan
Chari Bharara,Manoj Shrestha
Anoutho Byatha,Karna Das
Dhunga Forna,Karna Das
Jaba Kohi Timro,Karna Das
Lajalu Muskan Le,Prasanna Kumar Shrestha
Chulesima,Samir Parajuli
Yahi Ho Ta Maya,Nabin K Bhattarai
Mero Lagi,Cobweb
Balamha,Cobweb
SAANJH MA PANI,NIMA RUMBA
PREETI BASYO,NIMA RUMBA
HURI BATAS,NIMA RUMBA
JUNELI RAATMA,NIMA RUMBA
BLOCK HEEL - ORIGINAL VERSION 1992,NIMA RUMBA
MISS CATWALK - ORIGINAL VERSION 1996,NIMA RUMBA
Thahai Bhayana,The Gloomy Guys
Kati Dherai,Deepesh Shrestha
Birsana Sakdina,Deepesh Shrestha
Bihaniko Mirmire,Bijay Karki
Ko Hola Mero,Mamata Dipbim
Baishakh Ma,Sharmila Bardewa
Tadha Najaideu Timi,Sanjay Shrestha
Jati Heryo,Mohan Bhusal
Oh Kanchi Kali Kali,Dhankutej
Jhinge Nana,Shiv Gang
Soltini Bhanee,Bidhan Shrestha
Saathi Ko Saathma,Sanup Paudel
Chanchale Kanchhi,Kandara Band
Mata Durdekhi Aanyen,Deep Shrestha
"Chatta Rumal (From ""Yatra"")",Dharmendra Sewan
Zindagi Ki Talash Mein,Kumar Sanu
Sunchadi Bhanda,Om Bikram Bista
Tadha Janey Priyashi,Zailors
Aiyo Rama,Falguni Pathak
"Chainejo Jindaganima - From(""Oonko Sweater[The Woolen Sweater]"")",Sujan Chapagain
JANE BHAYE JAM MAYA,Durgesh Thapa
Makai Bari Daryam Daryam,Bishal Sony
"Herda Herdai Maa (From ""Laaj Sharanam"")",Ashish Aviral
"Feri Jaalma (From ""Feri Resham Filili"")",Kali Prasad Baskota
"Bujina Maile (From ""Boksi Ko Ghar"")",Samikshya Adhikari
Maya Luki Luki,Tika Prasain
"Kale Ketale (From ""Aincho Paincho"")",Ashish Aviral
"Chhakka Panja Break Up Song (From ""Chhakka Panja 5"")",Babul Giri
Katta Handinchhu,Khem Century
Sali Mann Paryo,Kali Prasad Baskota
Pirim Nalaune,Aashish Sachin
Badal Barsa Bijuli,Prashna Shakya
Maya Maya Ho,Almoda Rana Uprety
Gojima Daam Chhaina,Rajanraj Siwakoti
Chatta Rumal,Dharmendra Sewan
Ma Yesto Geet Gaunchhu - Duet,Anju Pant
Yo Kura Gopya,Pramod Kharel
Tadha Vaye Pani - Male Version,Urgen Dong
Funtastic (Pani Paryo),Almoda Rana Uprety
Relli Mai,Tanka Budathoki
Siraima Sirbandi,Melina Rai
Piratiko Mitho Tirshana,Tara Prakash Limbu
Kasari Kasari,Tanka Budathoki
Galti Mero Chaina,Karan Raj Karki
Ghintang,Karma Tseten Ghale
Thamel Bazar (Loot 2),Kali Prasad Baskota
Ye Daju Nasamu (Chhakka Panja 2),Almoda Rana Upreti
Gorkha Paltan,Prashant Tamang
I Love You - Kamal K. Chhetri,Kamal k. Chhetri
Machhile Khane Kholi Ko Leu,Saroj Oli
Parana Parana,Ashish Aviral
Chhamak Chhamak,Santosh Sunar
Behulee (VJ),Vijay Ghimire
Simpal Simpal,Deepak Limbu
Driver Ma Mailo,Arjun Kaushal
Nira Jaile Risaune (Purano Dunga),Kali Prasad Baskota
Lathi Charge Nagara Mero Mayama,Ram Chandra Kafle
"Ajambary Laula Pirati (From ""Gangster Blues"")",Kali Prasad Baskota
Jhulke Ghaam Heraula Kanchha,RK Gurung Official
"Kutu Ma Kutu (From ""Dui Rupaiyan"")",Rajan Raj Siwakoti
Nai Malai Thaha Chhaina,Sanjib Parajuli
Wari Jamuna Pari,Khem Raj Gurung
Lajalu Mayalu,Urgen Dong
Ko Hola Tyo - Female Version,Asmita Adhikari
Kusume Rumal,Udit Narayan
K maya lagchha ra?,Ankit Babu Adhikari
"Piratiko Barko (From ""Shatru Gate"")",Kali Prasad Baskota
Parkha Parkha Mayalu (Mangalam),Krishna Kafle
"Chatta Rumal Kyamalu (From ""Aafno Manchhe"")",Shambhujeet Baskota
Mussukka Hasne,Swapnil Sharma
Jaalma,Kali Prasad Baskota
Man Magan,Deepak Bajracharya
Lau Na Ho (Acoustic),Rksquare
Lekaki - Kripa Unplugged,KANDARA
Saat Samundra,Axix
Lori,Pahenlo Batti Muni
Rama Rama,Nepathya
Yestai,Karma Band
Namuna - Kripa Unplugged,Sabin Rai & The Pharaoh
Zindagi Do Pal Ki,KK
"Jindabaad, Pt. 2",Jindabaad
Hatkela,Jindabaad
Graha,Tumbleweed Inc.
Rukh,Cobweb
Rewind,Jindabaad
Prashna,Monkey Temple Nepal
Timi Nai Bhana,The Axe
Drabya Dharma,Shree 3
Eutai Antya,Shree 3
Bhakundo,Shree 3
Shunya,Tumbleweed Inc.
Naya Shristi,Tumbleweed Inc.
Existence in Uncertainty,Shree 3
Balaatkari,The Shadows 'Nepal'
Bhram,ASM
Sidha Kura,Rockheads
Crush,Sharad Dipesh Diyali
Bipana,Shree 3
Abasaad,The Shadows 'Nepal'
Buddha,The Shadows 'Nepal'
"Jindabaad, Pt. 1",Jindabaad
Jawaaf,Robin And The New Revolution
Chyangba III,1974 Ad
Pandaemonium,Shree 3
Sanjha Ko Belama,Diwas Gurung
Aath din,The Shadows 'Nepal'
Aama,The Shadows 'Nepal'
Chhaina,Albatross
BFM,Jindabaad
Shades of you,Jindabaad
Astitwa - Rock,Cobweb
Pratibimba - Rock,Cobweb
Hellskitchen 2.0,Albatross
Abhiman,Albatross
Garman Ko Dhaba,Chakra Band
Jhilkey Fire,Jhilkey And The Company
K pais Nepali,The Shadows 'Nepal'
Swantantra Jiwan,Robin And The New Revolution
Akasaima,Monkey Temple Nepal
Chyangba & The Bloody Revolution,1974 A.D
Kasailai,The Edge Band
Bhaag,The Elements
Kathmandu,Tumbleweed Inc.
Tasbir,Monkey Temple Nepal
Janata Ma Appeal,Albatross
Mero Desh,The Shadows 'Nepal'
Chyangba Hoi Chyangba,Diwas Gurung
Muglan,Robin And The New Revolution
Rasaayan,Kaagaz Band Nepal
Baaje,Prasnasunya
Khoj,The Forefathers
Tero Bau,The Forefathers
Falaano (Briddhasram Tales),Prasnasunya
Mildeina,Prasnasunya
Raftaar,Sabin Rai & The Pharaoh
Hadbaazi,Cobweb
Astitwo Anyol,Harip Tatwo
Hid - Live at Rock Tandav,Grunchiez
ITTAKO JAWAF PATTHAR,Hermeneutics of Suspicion
Anyol (Reimagined),Prasnasunya
Ma Nepali,Yogesh Regmi
Ocean,The Forefathers
Panchi Haru,Jhilkey And The Company
Daya Baya,Reeyaz Music
Sindhuli Gadhi,Neetesh Jung Kunwar
Janai Harayeko Bahun,Prasnasunya
INDIA,ST MAN
Halka Halka,DJ Bishow
Sapana High,Yatrii
Samjhirakhnu,Chirag Khadka
Ana bikhayr,Jamesy
Parani,YABI The G.O.A.T
Akkha Cha,Mr. D
Jana Maan,Yatrii
Na Jiski,Dong
Mustang,Pggh
KADAK NEPALI,YABI The G.O.A.T
Aftharo,Yatrii
Samaya,Chirag Khadka
Din Raat,Yatrii
Wagwan - Remix,Jamesy
Tayari Ko Tayari,Dong
Kalo Badal,Yatrii
Bhawana,Yatrii
Kaile Kai,Dong
Kalo Badal - Slowed & Reverb Version,Yatrii
CRMNL - feat. Bobby Beatz,VTEN
Baani Laagyo,REX MUSIC
Khatra,Yatrii
Hatar Cha,Mr. D
Jiudaixu,YABI The G.O.A.T
Kina,Waiba Buddha
Angalney Chu (Hip Hop Version),Dong
Aattinchey,DJ Bishow
GUNASO,TUKI MUSIC
Sangharsa Garr,Viber Saimon
Time Chaina,REX MUSIC
DUI KINAR,BIJEN MUSIC
Sapana,SACAR aka Lil Buddha
JINDAGI VARI TIMI,Wild Martin
Panche Baja,GOli
Khatra Barz,Dong
Bhumari,Lov X
Khatra Barz,Yodda
Sacar Padhikari 2,Ease Is Easy
Nagara Aas,Yatrii
Aaija,Kavi G
Rato Rani,RATO RANI
A N X I E T Y,Viber Saimon
Khatra Barz,YABI The G.O.A.T
Chitthi,Bibash Jk
Kanchi,Bibash Jk
Yo Geet Timilai,DJ Bishow
King of NEPHOP,SACAR aka Lil Buddha
Manchhe Khattam,VTEN
Saral,Zeroo
3AM,YABI The G.O.A.T
Hola At Your Boy,Badshah
KANCHI,YABI The G.O.A.T
MYACHIKNEY,LIL NORZZA
Baazigar,YABI The G.O.A.T
Nepali Ho,VTEN
Aawaz,Mc Flo
PRASHNA,Waiba Buddha
Yo Basanta,Kavi G
Addicted To Your Touch,SACAR aka Lil Buddha
Chatak,Dong
Rollie,Chirag Khadka
Sandesa,GOli
This Is 555,Chirag Khadka
Adhuro Maya,Yodda
Bishram - Studio Version,Slim Boss
Nasodha Prashna,Slim Boss
Khusi chu mah,REX MUSIC
Thatheanaw,Rigden Nadik
Magic,SACAR aka Lil Buddha
Bye Bhannu La,LIL NORZZA
Ragini,Vyoma
Antim Bidai,Arun Shahi
Chyau,Chirag Khadka
DAAMI,YABI The G.O.A.T
Marijau,Waiba Buddha
Gambling,VTEN
KUZAN,Kavi G
Na Hola Bheta Hamro,GOli
GUNASO 2.0,TUKI MUSIC
Kina Maan Mandaina,GOli
Bujhideu,VTEN
Strain,VTEN
Simsime Paani Rev,VTEN
Time Chaina,Jay Author
King of NEPHOP,Lil Buddha
Sapana,beatsbyhype
Halkhabar,VTEN
Pagalpan,Yama Buddha
Challenge,Yama Buddha
Gtfoh,Yama Buddha
Gimme That Beat,Yama Buddha
Heaven,Uniq Poet
Parkhaima,Raju Lama
Gajalu Ti Thula Thula,Deepak Jangam
Mohani Lagla Hai,Narayan Gopal
Timilai Dekhera,Raju Lama
Ke Bhanne Hamro Samay,Indrajeet Mijar
Chameliko Phoolma Maya Basechha,Udit Narayan
Raatko Rani Fulejhai,Danny Denzongpa
Mul Hau Bhane,Hemant Sharma
Mero Manaiko Phool Tipi,Udit Narayan
Kafal Gedi Kutukkai,Mahesh Budathoki
Gala Ratai Gala Ratai,Milan Newar
Mohani Lagla Hai,Rakesh Karkidoli
Rituharuma Timi,Ram Thapa
Makhamali Pachhyaurile,Udit Narayan
Lahure,Chhewang Lama
Aakashaima,Hari Karmacharya
Timrai Maya,Chhewang Lama
Manparaune Hajar,Ram Krishna Dhakal
Dashain Tihar,Sugam Pokharel
Timro Mayale Baadhera Raakha (Female Version),Ashmita Adhikari
Choli Ramro,Kunti Moktan
Chhitko Gunyeu,Ram Krishna Dhakal
Chiya Ko Botaima - K Yo Maya Ho Cover,Arjun Katuwal
"Lahanale Jurayoki (From ""Darpan Chhaya"") - Female Vocal",Sadhana Sargam
Kahile Timro Pachhyourima,Udit Narayan
Gorkha Paltan,Narayan Rayamajhi
Ye Kanchha Thaitai Ma,Narayan Gopal
Aasare Mahinama,Ajay Singh
Usle Jati Maya Timlai,Rameshraj Bhattarai
Tirkha Lage Nirmaya ( Hami Teen Bhai ),Udit Narayan Jha
Maya ta Maya,Narayan Gopal
"Phoolpati Bhakera Manakamana (From ""Bharosa"")",Udit Narayan
Piratiko Mitho Trisana,Bharati Ghimire
Janam Janam Jiula Sangai,Ananda Karki
Lekali He Choya Ko,Ram Thapa
Wari Jamuna Pari Jamuna,Khemraj Gurung
Ukali Orali Gardai,Sonu Nigam
Aakashaima Chil ho ki besara,Babina Rai Kiratee
Majhi Daile,Udit Narayan
Banmarale Banai,Udit Narayan
Isarale Bolaunu,Bhupinder Singh
Yo Saino Maya Ko,Babul Supriyo
Aaja Bahrahate Patuki,Sadhana Sargam
Aaja Man Udera Bhagchha,Udit Narayan
Hajurbale Bhanethe,Kumar Kanchha
Pahadko Mathi Mathi,Narayan Gopal
Samjhana Birsana,Udit Narayan
Bujhe Hunchha Kura,Melina Rai
Poe Paryo Kale,Ram Chandra Kafle
Nachyo Maichang,Sagar Bal
Samjhana Birsana,Tarzan Lepcha
Jati Maya Laye Pani,Arun Thapa
Aaja Kina Saathi,Pushpa Nepali
Siri Ma Siri Ni Kanchha,Gyanu Rana
Baja Ghankaudai Kal Kal Khola Saileji ( Hami Teen Bhai ),Roshan Gurung
Baan Ma Fulyo Phool,Aagantuk Kharel
Kina Kina Timro Tasbir,Deepak Jangam
Bhanchhan Kohi Jindagani,Shila Bahadur Moktan
Chaubandima Patuki,Aastha Raut
Himchulima Gham Lagyo,Ram Chandra Kafle
Jhamke Guleli,Kamali Kanta Bhetuwal
"Junko Jyoti (From ""Nai Nabhannu La"") - Male Vocals",Deepak Limbu
Mayako Doli Chadai,Yash Kumar
Oye Jhuma Jhumkawali,Pramod Kharel
Mann Saili,Aashusen Lama
Piratiko Mitho Trisana,Indrajeet Mijar
Bagaichama Najau Timi,Udit Narayan
"Piratiko Mitho Tirsana (From ""Bir Bikram 2"")",Melina Rai
Jail pani sahula,Melina Rai
Fijeko Kesh,Ekdev Limbu
Maya Garneko,Ram Krishna Dhakal
Chhaina Malai Pir,Sanjib Parajuli
"Siraima Sirbandi (From ""How Funny"")",Melina Rai
Feri Feri Feri Nai Nabhannu La - Female Version,Basanta Sapkota
Baby I Love You,Tara Prakash Limbu
"Ke Sachhai Timi (From ""Home Work"")",Tara Prakash Limbu
Jindagiko Duee Pal,Tara Prakash Limbu
"Rupai Mohani (From ""Shatru Gate"")",Tanka Budathoki
Simple Simple Kanchhi Ko,Deepak Limbu
Aayo Timro Yaad Aayo,Deepak Limbu
"Magera Paune Bhaye Ma (From ""Khalnayak"")",Deepak Limbu
Mero Kalpanama,Deepak Limbu
K Maya Lagcha Ra?,Nishan Bhattarai
"Visit Visa Ma - From ""Dal Bhat Tarkari""",Nishan Bhattarai
Wari Maya,Tilok Newar
Siriri Hawale - Original,Tilok Newar
"Junko Jyoti (From ""Nai Nabhannu La"") - Female Vocals",Rajina Rimal
Ghamko Maya,Narayan Rayamajhi
"Chiya Coffee Khau(From ""Nai Nabhannu la 4"")",Sugam Pokharel
Machhi Marana,Paawal Chamling Rai
Choli Ramro,Shila Bahadur Moktan
Lali Gurans Ajambari,Shila Bahadur Moktan
Resham Firiri,Raju Pariyar
Nabheti Nabheti,Shiva Pariyar
Driver Ma Mailo,Ram Chandra Kafle
Uhi Mulako Chana,Jyoti Magar
Timi Aauchauki Bhani (Ko Hola Tyo 2),Sunil Giri
A Kanchi,Sunil Giri
Chhuttiyera Timi Sanga,Deepak Sharma
Udayo Udayo - Original,Tilok Newar
Surke Thaili,Rajan Raj Siwakoti
"Rahar Chha Sangai (From ""Captain"")",Sugam Pokharel
Sarara Sarara,Suresh Adhikari
Jun Haina Ful Haina Jun Tipi Diun ki,Asmita Adhikari
Fula Ta Fulyo Keshari,Bishwo Dong
Tinau Kholapari,Ram Chandra Kafle
Nachha Yo Man,Udit Narayan
Jharanako Chiso Pani - Male Version,Raju Lama
Bhanera Hune Bhaye,Raju Lama
Yati Chokho Yati,Gopal Yonjan
Kaha Hola Ghar Bara,Karma Band
Ma Maya Laudina,Raju Lama
Shradha Ko Phool,Narayan Gopal
Kasari Ma Bhule,Madhu chhetri
Kehi Mitho Baat Gara,Narayan Gopal
Eauta Manchhe Ko Maya Remake,Deepak Jangam
"Lau Lau Aaye Lili Laai (From ""Yo Mayako Sagar"")",Shambhujeet Baskota
Laz Ko Lali,Udit Narayan
Sari Kurta,Bigyani Parajuli
O Meri Priyasi,Udit Narayan
Manai Mero Changa Bho,Manila Sotang
Najau Tada,Rahul Vaidya
"Phool Hoina (From ""Rose"")",Pratap Das
Jaga Lamka Chamka,Ram Krishna Dhakal
Mayale Bolayo,Udit Narayan
Pahilo Pahilo Maya Male,Dipak Limbu
Malai Pani Angrejima,Rajesh Payal Rai
Maya Ta Maya-Timro Maan Ma,Narayan Gopal
Ukali Jada,Rajesh Payal Rai
Ma Ta Marchhuki Kya Ho,Indira Joshi
Chyangba Hai Chyangba,Gyanu Rana
Lekaki He Maya,Kandara Band
Siran Ma Photo Cha,Nepathya
Suna Bhanana,Udit Narayan
Tungna Ko Dhunma,Indrajeet Mizar
Parkhaima,Raju Lama-mongolian Heart
Kya Dami Bho,Chandi Prasad Kafle
Halla Chalecha,Raju Lama
Timile Ta Hoina Timra,Bachchu Kailash
Gothalo Jada,Numa Subba
Hongkong Pokhara,Kandara Band
तिमीलाई हेर्ने बानी पर्यो Timilai Herne Baani Paryo,Pushpan Pradhan
Timro Man Badaliye cha,Yash Kumar
Khairo Khairo,Adrian Pradhan
Ma Kahile Haseko Thiye,Yash Kumar
Machi Marna Jau,Bidhan Shrestha
Musu Musu,Prashant Tamang
Badal Pariko Deshbata,Raju Lama-mongolian Heart
Aankha Aankha Boleni,Deepak Limbu
Deurali Ko Chautarima,Sanjeep Pradhan
Herda Herdai,Raju Lama
Laija Re,Hemanta Rana
Deurali Bhanjyang,Sunil Giri
Chhekyo Chhekyo,Rabin Shrestha
Jeevan Ho Gham Chhaya-Yo Jindagani,Amrit Gurung-nepathya
Sambodhan Timilai,1974 A.D
"Lai Lai (From ""Prasad"")",Ketan Chhetri
Yee Aankhama - Jr. Version,Basanta Sapkota
Jati Maya Laya Pani,1974 A.D
Saili,Hemanta Rana
Naya Naya Sajau Hai Sansar,Udit Narayan
Ko Hola Mero,Asha Bhosle
Ratri Basaima,Rana Bahadur Budhathoki
Kalakala Salasala,Aruna Lama
Phariyalai Bhuima,Gopal Yonjan
Lahana Le Jurayoki,Sadhana Sargam
Ma ta Aaba Risawchhu,Kumar Sanu
Sapanabhai Aankhama,Sadhana Sargam
Samjhana Birsana,Deepa jha
Ekaichhin Parkha,Tara Sharma
Aba Chot Harule Piroldaina Malai,Yam Baral
Saune Jharima,Asha Bhosle
Pahadko Maathi Maathi,Narayan Gopal
Dali Dali,Sadhana Sargam
Junta Lagyo Tarale,Bharati Ghimire
Chhinini Chakki Chakki,Deepa jha
Batashle Udai Lagyo,Kumar Kanchha
Mohani Laglahai,Narayan Gopal
Mohani Maya Ko Hoki,Kumar Kanchha
Lali Jovan,Poornima
Chaita Maas,Shambhujeet Baskota
K Bhanu Ma Kaso Gari Pare,Shambhujeet Baskota
Chithi Aayena,Kavita Krishnamurthy
Timi Rimjhim,Anupama Desh Pandey
Bandha Mayale,Udit Narayan
Behuli,Deepa jha
Kasari Bhanu Ma Manko Kura,Sadhana Sargam
Kopilama rang chadyo,Aasha Bhosle
Maile Geet Chhodi Aayen,Prakash Shrestha
Yo Katha Ho,Kumar Sanu
Kina Badhdaichha Dhukdhuki,Asha Bhosle
Sainiklai Tundikhel,Umesh Pandey
Ramjane,Umesh Pandey
Paluwa Paluwa Bhari,Sanjeevani
Yo Duithopa Aansu,Kumar Sanu
Shanchi Rakhu Jasto Lagchha,Kumar Sanu
Chiya Barima Ho,Deepa jha
DUI Dinko Jeendagi,Udit Narayan
Sarangiko Dhunle,Sadhana Sargam
Yo Duithopa Aansu,Sadhana Sargam
Reli Khola Bagara,Bharati Gajamer
Ma Pyar Bechidinchhu,Asha Bhosle
Nepali Nepali,Bharati Ghimire
Chhori Ko Janma,Narayan Gopal
Maya Basyo Mutuma,Komal oli
Rato Tika Nidharma,Umesh Pandey
Jangalai Ma Kharayo Jarayo,Satya Raj Acharya
Goli Sisha Ko,Umesh Pande
Maya Pritiko Chokho Katha,Aruna Lama
Jau Hinda Pokhara,Shambhujeet Baskota
Makhamali Maya,Sadhana Sargam
Tasbir Mai Yasto,Sharmila Bardewa
Bansuriko Dhun,Prakash Shrestha
Lekhideu Timro Nam,Prem Dhoj Pradhan
Aba Yo Baato Mero Ho Ki,Indrajeet Mijar
Timi Nabhaye,Udit Narayan
Mohani Mayako Ho Ki,Kumar Kaanchha
Maya Aafai Chokho Hunchha,Udit Narayan
Aamaile Bhanthe,Udit Narayan
Suna Katha Eauta Geet,Danny Denzongpa
Yo Hajurko Muhar,Devika Pradhan
Yo Gaun Ko Thito,Aditya Narayan Jha
Saptarang Phulai Phulyo,Prakash Shrestha
Musu Musu Hasideu,Sambhujit Baskota
Timi Chhau Kaha,Deepa jha
Malai Bhaisakyo Bore,Shambhujeet Baskota
Lau Lau Aayo Lily,Shambhujeet Baskota
Tyo Dada Pari Yo Dada Wari,Udit Narayan
Laideu Maya,Shambhujeet Baskota
Lukichhipi Lukichhipi,Shambhujeet Baskota
Kina Maan Hunchha,Sadhana Sargam
"Rato Tika Dashain Ko Jamara (From ""Man Mandir"")",Sadhana Sargam
Pareli Ma Aai,Kavita Krishnamurthy
Hijo Bhanda Aaja,Sadhana Sargam
Soche Jasto Hunnna,Sadhana Sargam
"Baisalu Manle Rojeko (From ""Darpan Chhaya"")",Udit Narayan
"Tyo Danda Pari (From ""Darpan Chhaya"")",Udit Narayan
Dhadkinchhau,Udit Narayan
Kahile Maya Gham Jastai,Sachin Singh
Maya Basyo Mutuma,Yam Baral
Kaso Kaso Maya Basyo,Prabha Bharti
Yo Bato Kahan Jane Ho,Indrajeet Mijar
Bagi Jane Pani Ko,Prakash Shrestha
Kati Auli Agli Bhaye,Kavita Krishnamurthy
Aankhaima Kasaiko,Narayan Gopal
"Gharma Chhe Chitikka (From ""Mitini"")",Umesh Pandey
"Him Nadi Jhai Yo Maya (From ""Aafno Manchhe"")",Udit Narayan
"Paschim Pokhara (From ""Mr. Ram Krishne)",Umesh Pandey
Ram Jane,Umesh Pande
Aaja Baraha Hate Patuki,Sadhana Sargam
Birata Ko Chino,Narayan Gopal
Joon Ta LagyoTarale,Bharati Ghimire
Sachirakhu Jasto Lagchha,Bharati Ghimire
Barsa Timi Chham Chham Gari - Chhoro,Udit Narayan
Maya Ta Maya,Narayan Gopal
Jhutho Hoina Yo Kura Sacho Chha,Udit Narayan
Mayaluko Maya Mitho - SUPER STAR Movie Song,Udit Narayan
Bhulu Bhulu Lagyo Malai,Sabin Limbu
Hawa Sarara,The Sky Band
Dandaima Mela Lagechha,Durga Kaji Shakya
Timro Hamro,Kabindra Shrestha-the Sky Band
Chaina Timro Bhara,Yogeshwor Amatya
Aakashai Dhakyo,The Sky Band
Jindagima,Durga Kaji Shakya
China Company,Bro.- Sis. Band
Chari Udyo Badal Chuna Lai - Instrumental,Creative Brothers
Dhunga Phorna,Madhyanha Band
Rangau Ki Ma ?,NIMA RUMBA
Jhyammai Chautari,D-Marcha
Sayad Timi Nai,Nabin K Bhattarai
Dobato,Nabin K Bhattarai
Aankha Ma Timilai,Nabin K Bhattarai
Chhaina Joon Kina,Nabin K Bhattarai
Dar Lagchha,Nabin K Bhattarai
Gandakiko Tiraima,Nabin Gurung
Herda Ramro,Dharmendra Sewan
Timro Najarle,The Axe
Bideshiyara Gaein,Kandara Band
Aanganai Bhari,Rabin Shrestha
Aankhaima Jhalajhali,Suk Gurung
Timilai Mann Paraunchhu,Nabin K Bhattarai
Kaha Hideki,Kandara Band
Goreto Gaunko,Amrit Gurung-nepathya
Kale Bhana,Sambhoj Malla
Suna Euta Katha,Sambhoj Malla
Jaba Sanjha Parchha,Sambhoj Malla
Seto Ghoda,Sambhoj Malla
Maya Launata,Bharat Sitaula
O Riya,Bharat Sitaula
Bihani Ma,Sunil Bardewa
Kina Yesari Bina Arthale Maya Maaryeu - Bale Entertainment,Pramod Nirwan
Muglan,Sanjeev Singh
Baleko Aago,Rajiv Lohani
Tagaroma Rumal Rakhi,Bibek Shrestha-kandara Band
Laijare,Hemanta Rana
Aakash Bata,Dibya Subba
Basama Chhaina Mero Maan,Rajan Ishan
Samjhana Ma,Sugam Pokharel
Kina Maya Ma,Udesh Shrestha
Aare Kya Naam,Aashusen Lama
Bajra,Shirish Khadka
Namana Laz Yasari,Prem Dhoj Pradhan
Gajalu Ti Thula Thula,Gulam Ali
Chahi Rahanchhu,Bibek Nepal
Asarai Mainama,Diwas Gurung
Timro Tyo Hasilo,Deepak Kharel
Timile ta Hoina,Bachu Kailash
Siri Ma Siri,Narayan Gopal
Pohar Saal Khushi Fatda,Aruna Lama
Yesto Pani Hudo Raichha,Phatteman
Marna Baru Garho Hunna,Phatteman
Ye Kanchha Malai Sunko,Aruna Lama
Yeti Chokho Yati,Narayan Gopal
Shauq,Amit Trivedi
Balaatkaari Lai Faansi De,The Shadows 'Nepal'
Universal Mind,Ayurveda
Maachi Kadaile,Diwas Gurung
Haami Aayou,Diwas Gurung
Mitho Bihani,Topi
Jani Jani,Rohit John Chettri
Hamro Sapana,Topi
Badlido Samaj,Tumbleweed Inc.
Sleepless Night,Tumbleweed Inc.
Ma.Pa.Se,Tumbleweed Inc.
Karagar lai Chitthi,Pahenlo Batti Muni
Purbai Tira,Monkey Temple Nepal
Nepal Sworga Bhanda Thulo Cha,Anuprastha
Malai Bachauna,Topi
Sirima Siri,Abhaya & The Steam Engines
Khatey,The Voices Unheard
Ride to Hell,Girish And The Chronicles
Rock 'n' Roll Is Here to Stay,Girish And The Chronicles
Indriya,The Elements
President,Tumbleweed Inc.
Yo Mann Ta Mero Nepali Ho,1974 A.D
Herda Ma Ramro,Diwas Gurung
Asaar,Bipul Chettri
Mountain High,Bipul Chettri
Simana,The Elements
Prayas,Yabesh Thapa
Dalli,Brijesh Shrestha
Saas,Ankit Shrestha
Kaalo Pankha,Ankit Shrestha
Eutai Aakash,Ankit Shrestha
Maya Pheri,Simma Rai
Nabola Masanga,Garage Music
SOCH,Noxious Shah
Chhaya,The Root-Less
Tha Chhaina,The Root-Less
Samjhana Ko Lahara,Ulto Pulto
Maja Ko Vul,Oasis Thapa
Timro Mitho Boli,Brijesh Shrestha
Katha: Episode V - Alapatra,Sajjan Raj Vaidya
Kholau Ramera,Vek
Firfirey,Pyne
Timilai,Kelsang Shrestha
Makhamali Pachheuri,Pyne
HALKA RISAYERA,Prashant ezekiel rai
AJA FERI,Prashant ezekiel rai
Tatepate Bhitta,Pahenlo Batti Muni
Aaja Feri,Swoopna Suman
Samaya,Bipul Chettri
Aayen Ma,Sajjan Raj Vaidya
Jhalamala Alamala,Devendra Bablu
Kamana,Yabesh Thapa
Raatko Rani Fulejhai,Danny Denjongpa
Badal Banaideu,Deepak Kharel
Orali Lageko,Ram Krishna Dhakal
Kanchi Hey Kanchi,Prakash Shrestha
Namana Laaja,Prem Dhoj Pradhan
Maya Namara,Prem Dhoj Pradhan
Tara Matra Hoina,Prem Dhoj Pradhan
Tori Phulyo,Prem Dhoj Pradhan
Para Laijau Phoolharu,Prem Dhoj Pradhan
Galat Modma Jaba,Prem Dhoj Pradhan
Kasari Ma Bhule,Narayan Gopal
Yo Samjhine Maan Chha,Narayan Gopal
Samjhana Birsana Salalala,Udit Narayan
Chiso Chiso Hawa Ma,Danny Denzongpa
Maya Ke Hola Behuli,Udit Narayan
Herana Hera Kanchha,Aruna Lama
Himal Sari,Aruna Lama
Jhimkaideu Pareli,Danny Denjongpa
Hiun Bhanda Chiso,Danny Denjongpa
Samaya Panchhi Ho,Danny Denjongpa
Manko Kuralai,Danny Denzongpa
Kati Baschyau Maitikai,Ram Thapa
Thokana Madal Thoka,Ram Thapa
Kati Khola Bagisake,Phatteman
Saunko Jhari Bani,Narayan Gopal
Malai Nasodha,Narayan Gopal
Timilai Achel Kaha,Ram Thapa
Rato Ra Chandra Surya,Phatteman
Sannani Ko Galaima,Phatteman
Ratko Rani Phulejhai Sajhama,Danny Denzongpa
